ID,Nombre,Categoria,Stock,Precio,Proveedor,FechaIngreso,FechaVencimiento,Ubicacion,CodigoBarras,Clientes,Stock Mínimo,Precio de Compra,Precio de Venta,Margen de Ganancia
1,Producto_1,Categoria_2,112,1.5,Proveedor_1,2024-03-2,2025-03-2,Almacen_2,BARCODE00001,Cliente_1,71,80582.75,123480.42,42897.67
2,Producto_2,Categoria_3,445,3.0,Proveedor_2,2024-03-3,2025-03-3,Almacen_3,BARCODE00002,Cliente_2,157,130883.32,183792.01,52908.69
3,Producto_3,Categoria_4,358,4.5,Proveedor_3,2024-03-4,2025-03-4,Almacen_1,BARCODE00003,Cliente_3,208,40566.4,54903.35,14336.95
4,Producto_4,Categoria_5,280,6.0,Proveedor_4,2024-03-5,2025-03-5,Almacen_2,BARCODE00004,Cliente_4,145,27814.4,32811.31,4996.91
5,Producto_5,Categoria_6,116,7.5,Proveedor_5,2024-03-6,2025-03-6,Almacen_3,BARCODE00005,Cliente_5,48,28258.02,31975.49,3717.47
6,Producto_6,Categoria_7,81,9.0,Proveedor_6,2024-03-7,2025-03-7,Almacen_1,BARCODE00006,Cliente_6,100,53431.29,61917.49,8486.2
7,Producto_7,Categoria_8,198,10.5,Proveedor_7,2024-03-8,2025-03-8,Almacen_2,BARCODE00007,Cliente_7,79,39610.05,48073.87,8463.82
8,Producto_8,Categoria_9,30,12.0,Proveedor_8,2024-03-9,2025-03-9,Almacen_3,BARCODE00008,Cliente_8,16,139863.1,177743.24,37880.14
9,Producto_9,Categoria_10,112,13.5,Proveedor_9,2024-03-10,2025-03-10,Almacen_1,BARCODE00009,Cliente_9,37,20345.94,26255.52,5909.58
10,Producto_10,Categoria_1,131,15.0,Proveedor_10,2024-03-11,2025-03-11,Almacen_2,BARCODE00010,Cliente_10,39,106353.66,135405.32,29051.66
11,Producto_11,Categoria_2,476,16.5,Proveedor_11,2024-03-12,2025-03-12,Almacen_3,BARCODE00011,Cliente_11,262,32437.12,39557.97,7120.85
12,Producto_12,Categoria_3,224,18.0,Proveedor_12,2024-03-13,2025-03-13,Almacen_1,BARCODE00012,Cliente_12,84,132837.38,179976.33,47138.95
13,Producto_13,Categoria_4,340,19.5,Proveedor_13,2024-03-14,2025-03-14,Almacen_2,BARCODE00013,Cliente_13,111,144390.72,218411.62,74020.9
14,Producto_14,Categoria_5,468,21.0,Proveedor_14,2024-03-15,2025-03-15,Almacen_3,BARCODE00014,Cliente_14,214,72493.15,89880.76,17387.61
15,Producto_15,Categoria_6,97,22.5,Proveedor_15,2024-03-16,2025-03-16,Almacen_1,BARCODE00015,Cliente_15,31,132465.36,208128.71,75663.35
16,Producto_16,Categoria_7,382,24.0,Proveedor_16,2024-03-17,2025-03-17,Almacen_2,BARCODE00016,Cliente_16,250,5746.05,8829.77,3083.72
17,Producto_17,Categoria_8,109,25.5,Proveedor_17,2024-03-18,2025-03-18,Almacen_3,BARCODE00017,Cliente_17,33,123892.3,146302.2,22409.9
18,Producto_18,Categoria_9,369,27.0,Proveedor_18,2024-03-19,2025-03-19,Almacen_1,BARCODE00018,Cliente_18,196,38150.65,56964.18,18813.53
19,Producto_19,Categoria_10,161,28.5,Proveedor_19,2024-03-20,2025-03-20,Almacen_2,BARCODE00019,Cliente_19,76,136761.69,189728.63,52966.94
20,Producto_20,Categoria_1,140,30.0,Proveedor_20,2024-03-21,2025-03-21,Almacen_3,BARCODE00020,Cliente_20,79,5162.42,7141.11,1978.69
21,Producto_21,Categoria_2,159,31.5,Proveedor_21,2024-03-22,2025-03-22,Almacen_1,BARCODE00021,Cliente_21,164,85646.35,110956.68,25310.33
22,Producto_22,Categoria_3,318,33.0,Proveedor_22,2024-03-23,2025-03-23,Almacen_2,BARCODE00022,Cliente_22,334,114712.19,154927.59,40215.4
23,Producto_23,Categoria_4,267,34.5,Proveedor_23,2024-03-24,2025-03-24,Almacen_3,BARCODE00023,Cliente_23,184,42509.81,55202.79,12692.98
24,Producto_24,Categoria_5,353,36.0,Proveedor_24,2024-03-25,2025-03-25,Almacen_1,BARCODE00024,Cliente_24,224,33004.27,45211.44,12207.17
25,Producto_25,Categoria_6,423,37.5,Proveedor_25,2024-03-26,2025-03-26,Almacen_2,BARCODE00025,Cliente_25,272,17194.24,24312.23,7117.99
26,Producto_26,Categoria_7,303,39.0,Proveedor_26,2024-03-27,2025-03-27,Almacen_3,BARCODE00026,Cliente_26,121,52332.87,75210.28,22877.41
27,Producto_27,Categoria_8,395,40.5,Proveedor_27,2024-03-28,2025-03-28,Almacen_1,BARCODE00027,Cliente_27,124,86177.43,117739.1,31561.67
28,Producto_28,Categoria_9,201,42.0,Proveedor_28,2024-03-1,2025-03-1,Almacen_2,BARCODE00028,Cliente_28,204,21797.36,31839.64,10042.28
29,Producto_29,Categoria_10,453,43.5,Proveedor_29,2024-03-2,2025-03-2,Almacen_3,BARCODE00029,Cliente_29,233,59620.83,69794.47,10173.64
30,Producto_30,Categoria_1,286,45.0,Proveedor_30,2024-03-3,2025-03-3,Almacen_1,BARCODE00030,Cliente_30,123,6315.5,7616.44,1300.94
31,Producto_31,Categoria_2,170,46.5,Proveedor_31,2024-03-4,2025-03-4,Almacen_2,BARCODE00031,Cliente_31,107,123708.52,186721.62,63013.1
32,Producto_32,Categoria_3,469,48.0,Proveedor_32,2024-03-5,2025-03-5,Almacen_3,BARCODE00032,Cliente_32,191,23625.06,29797.44,6172.38
33,Producto_33,Categoria_4,323,49.5,Proveedor_33,2024-03-6,2025-03-6,Almacen_1,BARCODE00033,Cliente_33,221,46084.73,51220.73,5136.0
34,Producto_34,Categoria_5,31,51.0,Proveedor_34,2024-03-7,2025-03-7,Almacen_2,BARCODE00034,Cliente_34,14,7672.02,9029.17,1357.15
35,Producto_35,Categoria_6,262,52.5,Proveedor_35,2024-03-8,2025-03-8,Almacen_3,BARCODE00035,Cliente_35,166,67674.91,82008.94,14334.03
36,Producto_36,Categoria_7,245,54.0,Proveedor_36,2024-03-9,2025-03-9,Almacen_1,BARCODE00036,Cliente_36,92,126817.62,200202.09,73384.47
37,Producto_37,Categoria_8,354,55.5,Proveedor_37,2024-03-10,2025-03-10,Almacen_2,BARCODE00037,Cliente_37,164,61861.93,85772.85,23910.92
38,Producto_38,Categoria_9,58,57.0,Proveedor_38,2024-03-11,2025-03-11,Almacen_3,BARCODE00038,Cliente_38,33,31027.11,48599.79,17572.68
39,Producto_39,Categoria_10,484,58.5,Proveedor_39,2024-03-12,2025-03-12,Almacen_1,BARCODE00039,Cliente_39,171,114286.33,158581.62,44295.29
40,Producto_40,Categoria_1,68,60.0,Proveedor_40,2024-03-13,2025-03-13,Almacen_2,BARCODE00040,Cliente_40,24,119377.01,159926.66,40549.65
41,Producto_41,Categoria_2,179,61.5,Proveedor_41,2024-03-14,2025-03-14,Almacen_3,BARCODE00041,Cliente_41,123,30194.25,37950.06,7755.81
42,Producto_42,Categoria_3,485,63.0,Proveedor_42,2024-03-15,2025-03-15,Almacen_1,BARCODE00042,Cliente_42,284,116773.85,163855.37,47081.52
43,Producto_43,Categoria_4,197,64.5,Proveedor_43,2024-03-16,2025-03-16,Almacen_2,BARCODE00043,Cliente_43,62,142358.19,166502.0,24143.81
44,Producto_44,Categoria_5,473,66.0,Proveedor_44,2024-03-17,2025-03-17,Almacen_3,BARCODE00044,Cliente_44,217,29124.75,45118.05,15993.3
45,Producto_45,Categoria_6,280,67.5,Proveedor_45,2024-03-18,2025-03-18,Almacen_1,BARCODE00045,Cliente_45,132,116792.72,176901.99,60109.27
46,Producto_46,Categoria_7,199,69.0,Proveedor_46,2024-03-19,2025-03-19,Almacen_2,BARCODE00046,Cliente_46,118,107742.94,135623.12,27880.18
47,Producto_47,Categoria_8,455,70.5,Proveedor_47,2024-03-20,2025-03-20,Almacen_3,BARCODE00047,Cliente_47,182,73668.21,116130.48,42462.27
48,Producto_48,Categoria_9,184,72.0,Proveedor_48,2024-03-21,2025-03-21,Almacen_1,BARCODE00048,Cliente_48,68,13398.47,20266.53,6868.06
49,Producto_49,Categoria_10,455,73.5,Proveedor_49,2024-03-22,2025-03-22,Almacen_2,BARCODE00049,Cliente_49,151,15830.69,22687.81,6857.12
50,Producto_50,Categoria_1,60,75.0,Proveedor_50,2024-03-23,2025-03-23,Almacen_3,BARCODE00050,Cliente_50,28,128600.13,149289.44,20689.31
51,Producto_51,Categoria_2,373,76.5,Proveedor_51,2024-03-24,2025-03-24,Almacen_1,BARCODE00051,Cliente_51,214,148571.51,198954.64,50383.13
52,Producto_52,Categoria_3,64,78.0,Proveedor_52,2024-03-25,2025-03-25,Almacen_2,BARCODE00052,Cliente_52,81,103027.58,139401.86,36374.28
53,Producto_53,Categoria_4,253,79.5,Proveedor_53,2024-03-26,2025-03-26,Almacen_3,BARCODE00053,Cliente_53,168,69663.95,84730.57,15066.62
54,Producto_54,Categoria_5,329,81.0,Proveedor_54,2024-03-27,2025-03-27,Almacen_1,BARCODE00054,Cliente_54,156,98898.18,112742.21,13844.03
55,Producto_55,Categoria_6,140,82.5,Proveedor_55,2024-03-28,2025-03-28,Almacen_2,BARCODE00055,Cliente_55,55,91187.4,135719.84,44532.44
56,Producto_56,Categoria_7,494,84.0,Proveedor_56,2024-03-1,2025-03-1,Almacen_3,BARCODE00056,Cliente_56,166,60623.78,70385.27,9761.49
57,Producto_57,Categoria_8,316,85.5,Proveedor_57,2024-03-2,2025-03-2,Almacen_1,BARCODE00057,Cliente_57,117,14515.79,20280.67,5764.88
58,Producto_58,Categoria_9,144,87.0,Proveedor_58,2024-03-3,2025-03-3,Almacen_2,BARCODE00058,Cliente_58,157,124119.38,194647.06,70527.68
59,Producto_59,Categoria_10,30,88.5,Proveedor_59,2024-03-4,2025-03-4,Almacen_3,BARCODE00059,Cliente_59,16,58915.86,90615.69,31699.83
60,Producto_60,Categoria_1,338,90.0,Proveedor_60,2024-03-5,2025-03-5,Almacen_1,BARCODE00060,Cliente_60,171,123723.92,153278.63,29554.71
61,Producto_61,Categoria_2,176,91.5,Proveedor_61,2024-03-6,2025-03-6,Almacen_2,BARCODE00061,Cliente_61,99,41613.77,63491.14,21877.37
62,Producto_62,Categoria_3,283,93.0,Proveedor_62,2024-03-7,2025-03-7,Almacen_3,BARCODE00062,Cliente_62,134,5149.27,5665.05,515.78
63,Producto_63,Categoria_4,397,94.5,Proveedor_63,2024-03-8,2025-03-8,Almacen_1,BARCODE00063,Cliente_63,235,28046.05,31098.69,3052.64
64,Producto_64,Categoria_5,98,96.0,Proveedor_64,2024-03-9,2025-03-9,Almacen_2,BARCODE00064,Cliente_64,31,72938.22,102206.62,29268.4
65,Producto_65,Categoria_6,325,97.5,Proveedor_65,2024-03-10,2025-03-10,Almacen_3,BARCODE00065,Cliente_65,171,141924.03,182003.25,40079.22
66,Producto_66,Categoria_7,23,99.0,Proveedor_66,2024-03-11,2025-03-11,Almacen_1,BARCODE00066,Cliente_66,8,19818.07,25629.33,5811.26
67,Producto_67,Categoria_8,251,100.5,Proveedor_67,2024-03-12,2025-03-12,Almacen_2,BARCODE00067,Cliente_67,87,128860.42,178113.52,49253.1
68,Producto_68,Categoria_9,274,102.0,Proveedor_68,2024-03-13,2025-03-13,Almacen_3,BARCODE00068,Cliente_68,119,81418.49,97367.66,15949.17
69,Producto_69,Categoria_10,355,103.5,Proveedor_69,2024-03-14,2025-03-14,Almacen_1,BARCODE00069,Cliente_69,119,124758.51,150443.5,25684.99
70,Producto_70,Categoria_1,62,105.0,Proveedor_70,2024-03-15,2025-03-15,Almacen_2,BARCODE00070,Cliente_70,20,48264.29,64785.19,16520.9
71,Producto_71,Categoria_2,395,106.5,Proveedor_71,2024-03-16,2025-03-16,Almacen_3,BARCODE00071,Cliente_71,167,126792.34,187288.36,60496.02
72,Producto_72,Categoria_3,349,108.0,Proveedor_72,2024-03-17,2025-03-17,Almacen_1,BARCODE00072,Cliente_72,241,117059.3,165024.22,47964.92
73,Producto_73,Categoria_4,101,109.5,Proveedor_73,2024-03-18,2025-03-18,Almacen_2,BARCODE00073,Cliente_73,37,38357.78,47896.5,9538.72
74,Producto_74,Categoria_5,376,111.0,Proveedor_74,2024-03-19,2025-03-19,Almacen_3,BARCODE00074,Cliente_74,115,24043.59,31621.37,7577.78
75,Producto_75,Categoria_6,453,112.5,Proveedor_75,2024-03-20,2025-03-20,Almacen_1,BARCODE00075,Cliente_75,274,130867.88,155121.94,24254.06
76,Producto_76,Categoria_7,464,114.0,Proveedor_76,2024-03-21,2025-03-21,Almacen_2,BARCODE00076,Cliente_76,288,144669.31,164534.56,19865.25
77,Producto_77,Categoria_8,437,115.5,Proveedor_77,2024-03-22,2025-03-22,Almacen_3,BARCODE00077,Cliente_77,191,9538.84,14225.73,4686.89
78,Producto_78,Categoria_9,273,117.0,Proveedor_78,2024-03-23,2025-03-23,Almacen_1,BARCODE00078,Cliente_78,132,111034.16,136871.11,25836.95
79,Producto_79,Categoria_10,440,118.5,Proveedor_79,2024-03-24,2025-03-24,Almacen_2,BARCODE00079,Cliente_79,246,136881.05,162735.58,25854.53
80,Producto_80,Categoria_1,44,120.0,Proveedor_80,2024-03-25,2025-03-25,Almacen_3,BARCODE00080,Cliente_80,14,129317.21,186967.99,57650.78
81,Producto_81,Categoria_2,215,121.5,Proveedor_81,2024-03-26,2025-03-26,Almacen_1,BARCODE00081,Cliente_81,146,144855.47,204105.1,59249.63
82,Producto_82,Categoria_3,90,123.0,Proveedor_82,2024-03-27,2025-03-27,Almacen_2,BARCODE00082,Cliente_82,58,115213.64,163211.04,47997.4
83,Producto_83,Categoria_4,429,124.5,Proveedor_83,2024-03-28,2025-03-28,Almacen_3,BARCODE00083,Cliente_83,173,69133.32,83958.77,14825.45
84,Producto_84,Categoria_5,59,126.0,Proveedor_84,2024-03-1,2025-03-1,Almacen_1,BARCODE00084,Cliente_84,18,50233.04,61099.59,10866.55
85,Producto_85,Categoria_6,369,127.5,Proveedor_85,2024-03-2,2025-03-2,Almacen_2,BARCODE00085,Cliente_85,248,51507.7,62344.99,10837.29
86,Producto_86,Categoria_7,397,129.0,Proveedor_86,2024-03-3,2025-03-3,Almacen_3,BARCODE00086,Cliente_86,198,110041.29,130605.4,20564.11
87,Producto_87,Categoria_8,11,130.5,Proveedor_87,2024-03-4,2025-03-4,Almacen_1,BARCODE00087,Cliente_87,5,113146.37,161557.38,48411.01
88,Producto_88,Categoria_9,399,132.0,Proveedor_88,2024-03-5,2025-03-5,Almacen_2,BARCODE00088,Cliente_88,228,34052.08,51895.64,17843.56
89,Producto_89,Categoria_10,63,133.5,Proveedor_89,2024-03-6,2025-03-6,Almacen_3,BARCODE00089,Cliente_89,34,130877.81,191364.13,60486.32
90,Producto_90,Categoria_1,115,135.0,Proveedor_90,2024-03-7,2025-03-7,Almacen_1,BARCODE00090,Cliente_90,77,108663.99,162566.42,53902.43
91,Producto_91,Categoria_2,269,136.5,Proveedor_91,2024-03-8,2025-03-8,Almacen_2,BARCODE00091,Cliente_91,182,86598.79,112786.2,26187.41
92,Producto_92,Categoria_3,319,138.0,Proveedor_92,2024-03-9,2025-03-9,Almacen_3,BARCODE00092,Cliente_92,206,73372.21,104704.92,31332.71
93,Producto_93,Categoria_4,486,139.5,Proveedor_93,2024-03-10,2025-03-10,Almacen_1,BARCODE00093,Cliente_93,269,83768.76,106982.6,23213.84
94,Producto_94,Categoria_5,200,141.0,Proveedor_94,2024-03-11,2025-03-11,Almacen_2,BARCODE00094,Cliente_94,124,28090.63,38280.57,10189.94
95,Producto_95,Categoria_6,411,142.5,Proveedor_95,2024-03-12,2025-03-12,Almacen_3,BARCODE00095,Cliente_95,234,34536.68,46307.38,11770.7
96,Producto_96,Categoria_7,227,144.0,Proveedor_96,2024-03-13,2025-03-13,Almacen_1,BARCODE00096,Cliente_96,120,18218.85,21652.08,3433.23
97,Producto_97,Categoria_8,53,145.5,Proveedor_97,2024-03-14,2025-03-14,Almacen_2,BARCODE00097,Cliente_97,18,27280.42,35288.3,8007.88
98,Producto_98,Categoria_9,171,147.0,Proveedor_98,2024-03-15,2025-03-15,Almacen_3,BARCODE00098,Cliente_98,106,70785.58,111976.5,41190.92
99,Producto_99,Categoria_10,211,148.5,Proveedor_99,2024-03-16,2025-03-16,Almacen_1,BARCODE00099,Cliente_99,132,81901.39,100271.06,18369.67
100,Producto_100,Categoria_1,455,150.0,Proveedor_100,2024-03-17,2025-03-17,Almacen_2,BARCODE00100,Cliente_100,250,7589.97,8856.75,1266.78
101,Producto_101,Categoria_2,493,151.5,Proveedor_101,2024-03-18,2025-03-18,Almacen_3,BARCODE00101,Cliente_101,309,120535.69,157816.21,37280.52
102,Producto_102,Categoria_3,279,153.0,Proveedor_102,2024-03-19,2025-03-19,Almacen_1,BARCODE00102,Cliente_102,156,47654.36,71251.32,23596.96
103,Producto_103,Categoria_4,360,154.5,Proveedor_103,2024-03-20,2025-03-20,Almacen_2,BARCODE00103,Cliente_103,137,137216.23,190877.95,53661.72
104,Producto_104,Categoria_5,313,156.0,Proveedor_104,2024-03-21,2025-03-21,Almacen_3,BARCODE00104,Cliente_104,128,145289.13,209287.16,63998.03
105,Producto_105,Categoria_6,280,157.5,Proveedor_105,2024-03-22,2025-03-22,Almacen_1,BARCODE00105,Cliente_105,108,31891.54,38105.52,6213.98
106,Producto_106,Categoria_7,465,159.0,Proveedor_106,2024-03-23,2025-03-23,Almacen_2,BARCODE00106,Cliente_106,209,72004.11,101487.93,29483.82
107,Producto_107,Categoria_8,471,160.5,Proveedor_107,2024-03-24,2025-03-24,Almacen_3,BARCODE00107,Cliente_107,148,5178.62,6534.12,1355.5
108,Producto_108,Categoria_9,224,162.0,Proveedor_108,2024-03-25,2025-03-25,Almacen_1,BARCODE00108,Cliente_108,122,91757.45,139209.97,47452.52
109,Producto_109,Categoria_10,261,163.5,Proveedor_109,2024-03-26,2025-03-26,Almacen_2,BARCODE00109,Cliente_109,113,93059.43,131646.47,38587.04
110,Producto_110,Categoria_1,199,165.0,Proveedor_110,2024-03-27,2025-03-27,Almacen_3,BARCODE00110,Cliente_110,111,40893.29,49048.56,8155.27
111,Producto_111,Categoria_2,305,166.5,Proveedor_111,2024-03-28,2025-03-28,Almacen_1,BARCODE00111,Cliente_111,138,85969.84,97344.37,11374.53
112,Producto_112,Categoria_3,222,168.0,Proveedor_112,2024-03-1,2025-03-1,Almacen_2,BARCODE00112,Cliente_112,127,37703.32,42277.36,4574.04
113,Producto_113,Categoria_4,217,169.5,Proveedor_113,2024-03-2,2025-03-2,Almacen_3,BARCODE00113,Cliente_113,94,28319.69,36410.75,8091.06
114,Producto_114,Categoria_5,246,171.0,Proveedor_114,2024-03-3,2025-03-3,Almacen_1,BARCODE00114,Cliente_114,99,99470.32,122639.5,23169.18
115,Producto_115,Categoria_6,347,172.5,Proveedor_115,2024-03-4,2025-03-4,Almacen_2,BARCODE00115,Cliente_115,172,52259.19,74367.18,22107.99
116,Producto_116,Categoria_7,376,174.0,Proveedor_116,2024-03-5,2025-03-5,Almacen_3,BARCODE00116,Cliente_116,217,90588.27,122263.99,31675.72
117,Producto_117,Categoria_8,62,175.5,Proveedor_117,2024-03-6,2025-03-6,Almacen_1,BARCODE00117,Cliente_117,27,67820.78,83623.68,15802.9
118,Producto_118,Categoria_9,289,177.0,Proveedor_118,2024-03-7,2025-03-7,Almacen_2,BARCODE00118,Cliente_118,194,147730.95,173527.56,25796.61
119,Producto_119,Categoria_10,419,178.5,Proveedor_119,2024-03-8,2025-03-8,Almacen_3,BARCODE00119,Cliente_119,132,26689.19,31055.54,4366.35
120,Producto_120,Categoria_1,226,180.0,Proveedor_120,2024-03-9,2025-03-9,Almacen_1,BARCODE00120,Cliente_120,105,72366.8,110889.83,38523.03
121,Producto_121,Categoria_2,261,181.5,Proveedor_121,2024-03-10,2025-03-10,Almacen_2,BARCODE00121,Cliente_121,179,103666.21,126653.05,22986.84
122,Producto_122,Categoria_3,197,183.0,Proveedor_122,2024-03-11,2025-03-11,Almacen_3,BARCODE00122,Cliente_122,102,62354.04,88907.84,26553.8
123,Producto_123,Categoria_4,389,184.5,Proveedor_123,2024-03-12,2025-03-12,Almacen_1,BARCODE00123,Cliente_123,182,146331.48,220279.06,73947.58
124,Producto_124,Categoria_5,50,186.0,Proveedor_124,2024-03-13,2025-03-13,Almacen_2,BARCODE00124,Cliente_124,26,109673.71,154315.37,44641.66
125,Producto_125,Categoria_6,166,187.5,Proveedor_125,2024-03-14,2025-03-14,Almacen_3,BARCODE00125,Cliente_125,88,100262.66,153380.07,53117.41
126,Producto_126,Categoria_7,24,189.0,Proveedor_126,2024-03-15,2025-03-15,Almacen_1,BARCODE00126,Cliente_126,14,114773.59,148769.17,33995.58
127,Producto_127,Categoria_8,310,190.5,Proveedor_127,2024-03-16,2025-03-16,Almacen_2,BARCODE00127,Cliente_127,108,143134.05,225881.43,82747.38
128,Producto_128,Categoria_9,74,192.0,Proveedor_128,2024-03-17,2025-03-17,Almacen_3,BARCODE00128,Cliente_128,29,136633.7,159393.12,22759.42
129,Producto_129,Categoria_10,354,193.5,Proveedor_129,2024-03-18,2025-03-18,Almacen_1,BARCODE00129,Cliente_129,188,110021.37,126642.82,16621.45
130,Producto_130,Categoria_1,336,195.0,Proveedor_130,2024-03-19,2025-03-19,Almacen_2,BARCODE00130,Cliente_130,217,113628.44,162414.36,48785.92
131,Producto_131,Categoria_2,18,196.5,Proveedor_131,2024-03-20,2025-03-20,Almacen_3,BARCODE00131,Cliente_131,9,26158.7,41106.19,14947.49
132,Producto_132,Categoria_3,353,198.0,Proveedor_132,2024-03-21,2025-03-21,Almacen_1,BARCODE00132,Cliente_132,139,19904.9,29945.76,10040.86
133,Producto_133,Categoria_4,138,199.5,Proveedor_133,2024-03-22,2025-03-22,Almacen_2,BARCODE00133,Cliente_133,78,87781.15,99913.24,12132.09
134,Producto_134,Categoria_5,145,201.0,Proveedor_134,2024-03-23,2025-03-23,Almacen_3,BARCODE00134,Cliente_134,86,7663.31,9500.08,1836.77
135,Producto_135,Categoria_6,481,202.5,Proveedor_135,2024-03-24,2025-03-24,Almacen_1,BARCODE00135,Cliente_135,190,74941.68,117295.68,42354.0
136,Producto_136,Categoria_7,72,204.0,Proveedor_136,2024-03-25,2025-03-25,Almacen_2,BARCODE00136,Cliente_136,32,35500.69,43542.63,8041.94
137,Producto_137,Categoria_8,148,205.5,Proveedor_137,2024-03-26,2025-03-26,Almacen_3,BARCODE00137,Cliente_137,76,55172.4,82239.16,27066.76
138,Producto_138,Categoria_9,90,207.0,Proveedor_138,2024-03-27,2025-03-27,Almacen_1,BARCODE00138,Cliente_138,44,117491.69,177713.95,60222.26
139,Producto_139,Categoria_10,401,208.5,Proveedor_139,2024-03-28,2025-03-28,Almacen_2,BARCODE00139,Cliente_139,182,141479.44,190675.53,49196.09
140,Producto_140,Categoria_1,172,210.0,Proveedor_140,2024-03-1,2025-03-1,Almacen_3,BARCODE00140,Cliente_140,72,15500.36,20044.67,4544.31
141,Producto_141,Categoria_2,428,211.5,Proveedor_141,2024-03-2,2025-03-2,Almacen_1,BARCODE00141,Cliente_141,145,82465.12,109271.41,26806.29
142,Producto_142,Categoria_3,298,213.0,Proveedor_142,2024-03-3,2025-03-3,Almacen_2,BARCODE00142,Cliente_142,95,132967.36,161353.54,28386.18
143,Producto_143,Categoria_4,388,214.5,Proveedor_143,2024-03-4,2025-03-4,Almacen_3,BARCODE00143,Cliente_143,265,16963.74,26203.81,9240.07
144,Producto_144,Categoria_5,270,216.0,Proveedor_144,2024-03-5,2025-03-5,Almacen_1,BARCODE00144,Cliente_144,172,124554.54,165073.36,40518.82
145,Producto_145,Categoria_6,499,217.5,Proveedor_145,2024-03-6,2025-03-6,Almacen_2,BARCODE00145,Cliente_145,220,56881.2,87667.0,30785.8
146,Producto_146,Categoria_7,240,219.0,Proveedor_146,2024-03-7,2025-03-7,Almacen_3,BARCODE00146,Cliente_146,163,51703.73,59606.48,7902.75
147,Producto_147,Categoria_8,50,220.5,Proveedor_147,2024-03-8,2025-03-8,Almacen_1,BARCODE00147,Cliente_147,28,146732.63,233912.01,87179.38
148,Producto_148,Categoria_9,37,222.0,Proveedor_148,2024-03-9,2025-03-9,Almacen_2,BARCODE00148,Cliente_148,18,34124.57,45100.28,10975.71
149,Producto_149,Categoria_10,144,223.5,Proveedor_149,2024-03-10,2025-03-10,Almacen_3,BARCODE00149,Cliente_149,71,105513.12,118587.82,13074.7
150,Producto_150,Categoria_1,210,225.0,Proveedor_150,2024-03-11,2025-03-11,Almacen_1,BARCODE00150,Cliente_150,69,124108.91,138879.23,14770.32
151,Producto_151,Categoria_2,337,226.5,Proveedor_151,2024-03-12,2025-03-12,Almacen_2,BARCODE00151,Cliente_151,113,10971.61,16162.32,5190.71
152,Producto_152,Categoria_3,277,228.0,Proveedor_152,2024-03-13,2025-03-13,Almacen_3,BARCODE00152,Cliente_152,149,102205.89,146105.14,43899.25
153,Producto_153,Categoria_4,427,229.5,Proveedor_153,2024-03-14,2025-03-14,Almacen_1,BARCODE00153,Cliente_153,222,142974.75,214614.43,71639.68
154,Producto_154,Categoria_5,42,231.0,Proveedor_154,2024-03-15,2025-03-15,Almacen_2,BARCODE00154,Cliente_154,16,23011.9,26525.44,3513.54
155,Producto_155,Categoria_6,57,232.5,Proveedor_155,2024-03-16,2025-03-16,Almacen_3,BARCODE00155,Cliente_155,38,134952.09,150847.48,15895.39
156,Producto_156,Categoria_7,416,234.0,Proveedor_156,2024-03-17,2025-03-17,Almacen_1,BARCODE00156,Cliente_156,254,91242.61,123568.92,32326.31
157,Producto_157,Categoria_8,71,235.5,Proveedor_157,2024-03-18,2025-03-18,Almacen_2,BARCODE00157,Cliente_157,24,94407.66,122144.41,27736.75
158,Producto_158,Categoria_9,225,237.0,Proveedor_158,2024-03-19,2025-03-19,Almacen_3,BARCODE00158,Cliente_158,151,93876.91,124947.68,31070.77
159,Producto_159,Categoria_10,302,238.5,Proveedor_159,2024-03-20,2025-03-20,Almacen_1,BARCODE00159,Cliente_159,208,48331.2,77126.65,28795.45
160,Producto_160,Categoria_1,108,240.0,Proveedor_160,2024-03-21,2025-03-21,Almacen_2,BARCODE00160,Cliente_160,123,140604.26,222910.48,82306.22
161,Producto_161,Categoria_2,181,241.5,Proveedor_161,2024-03-22,2025-03-22,Almacen_3,BARCODE00161,Cliente_161,58,142365.82,223679.15,81313.33
162,Producto_162,Categoria_3,369,243.0,Proveedor_162,2024-03-23,2025-03-23,Almacen_1,BARCODE00162,Cliente_162,219,95669.18,142730.89,47061.71
163,Producto_163,Categoria_4,223,244.5,Proveedor_163,2024-03-24,2025-03-24,Almacen_2,BARCODE00163,Cliente_163,228,118596.3,151497.37,32901.07
164,Producto_164,Categoria_5,484,246.0,Proveedor_164,2024-03-25,2025-03-25,Almacen_3,BARCODE00164,Cliente_164,281,93777.41,122479.44,28702.03
165,Producto_165,Categoria_6,44,247.5,Proveedor_165,2024-03-26,2025-03-26,Almacen_1,BARCODE00165,Cliente_165,30,75237.77,103437.49,28199.72
166,Producto_166,Categoria_7,458,249.0,Proveedor_166,2024-03-27,2025-03-27,Almacen_2,BARCODE00166,Cliente_166,263,100818.92,152767.61,51948.69
167,Producto_167,Categoria_8,236,250.5,Proveedor_167,2024-03-28,2025-03-28,Almacen_3,BARCODE00167,Cliente_167,149,85185.21,96630.39,11445.18
168,Producto_168,Categoria_9,110,252.0,Proveedor_168,2024-03-1,2025-03-1,Almacen_1,BARCODE00168,Cliente_168,71,91634.0,120237.41,28603.41
169,Producto_169,Categoria_10,440,253.5,Proveedor_169,2024-03-2,2025-03-2,Almacen_2,BARCODE00169,Cliente_169,279,118655.72,135422.82,16767.1
170,Producto_170,Categoria_1,471,255.0,Proveedor_170,2024-03-3,2025-03-3,Almacen_3,BARCODE00170,Cliente_170,484,74731.06,101434.62,26703.56
171,Producto_171,Categoria_2,140,256.5,Proveedor_171,2024-03-4,2025-03-4,Almacen_1,BARCODE00171,Cliente_171,54,10909.35,16903.5,5994.15
172,Producto_172,Categoria_3,266,258.0,Proveedor_172,2024-03-5,2025-03-5,Almacen_2,BARCODE00172,Cliente_172,122,28779.92,42917.84,14137.92
173,Producto_173,Categoria_4,14,259.5,Proveedor_173,2024-03-6,2025-03-6,Almacen_3,BARCODE00173,Cliente_173,9,68598.05,83272.63,14674.58
174,Producto_174,Categoria_5,227,261.0,Proveedor_174,2024-03-7,2025-03-7,Almacen_1,BARCODE00174,Cliente_174,81,110099.85,174838.06,64738.21
175,Producto_175,Categoria_6,264,262.5,Proveedor_175,2024-03-8,2025-03-8,Almacen_2,BARCODE00175,Cliente_175,133,91025.4,130500.86,39475.46
176,Producto_176,Categoria_7,407,264.0,Proveedor_176,2024-03-9,2025-03-9,Almacen_3,BARCODE00176,Cliente_176,410,99292.66,109739.62,10446.96
177,Producto_177,Categoria_8,368,265.5,Proveedor_177,2024-03-10,2025-03-10,Almacen_1,BARCODE00177,Cliente_177,195,74495.44,91458.55,16963.11
178,Producto_178,Categoria_9,292,267.0,Proveedor_178,2024-03-11,2025-03-11,Almacen_2,BARCODE00178,Cliente_178,188,94282.59,116001.21,21718.62
179,Producto_179,Categoria_10,402,268.5,Proveedor_179,2024-03-12,2025-03-12,Almacen_3,BARCODE00179,Cliente_179,262,52707.53,59803.39,7095.86
180,Producto_180,Categoria_1,216,270.0,Proveedor_180,2024-03-13,2025-03-13,Almacen_1,BARCODE00180,Cliente_180,85,73176.48,115612.49,42436.01
181,Producto_181,Categoria_2,24,271.5,Proveedor_181,2024-03-14,2025-03-14,Almacen_2,BARCODE00181,Cliente_181,15,112920.46,151214.91,38294.45
182,Producto_182,Categoria_3,355,273.0,Proveedor_182,2024-03-15,2025-03-15,Almacen_3,BARCODE00182,Cliente_182,190,131415.75,203419.4,72003.65
183,Producto_183,Categoria_4,51,274.5,Proveedor_183,2024-03-16,2025-03-16,Almacen_1,BARCODE00183,Cliente_183,22,67880.02,85604.02,17724.0
184,Producto_184,Categoria_5,389,276.0,Proveedor_184,2024-03-17,2025-03-17,Almacen_2,BARCODE00184,Cliente_184,226,11330.94,13173.54,1842.6
185,Producto_185,Categoria_6,470,277.5,Proveedor_185,2024-03-18,2025-03-18,Almacen_3,BARCODE00185,Cliente_185,231,28442.52,38032.43,9589.91
186,Producto_186,Categoria_7,188,279.0,Proveedor_186,2024-03-19,2025-03-19,Almacen_1,BARCODE00186,Cliente_186,191,8024.87,9284.6,1259.73
187,Producto_187,Categoria_8,72,280.5,Proveedor_187,2024-03-20,2025-03-20,Almacen_2,BARCODE00187,Cliente_187,41,99723.14,133928.95,34205.81
188,Producto_188,Categoria_9,361,282.0,Proveedor_188,2024-03-21,2025-03-21,Almacen_3,BARCODE00188,Cliente_188,144,53185.62,82977.47,29791.85
189,Producto_189,Categoria_10,240,283.5,Proveedor_189,2024-03-22,2025-03-22,Almacen_1,BARCODE00189,Cliente_189,103,83659.4,113808.92,30149.52
190,Producto_190,Categoria_1,250,285.0,Proveedor_190,2024-03-23,2025-03-23,Almacen_2,BARCODE00190,Cliente_190,118,76525.14,107766.52,31241.38
191,Producto_191,Categoria_2,61,286.5,Proveedor_191,2024-03-24,2025-03-24,Almacen_3,BARCODE00191,Cliente_191,66,16821.34,19820.91,2999.57
192,Producto_192,Categoria_3,105,288.0,Proveedor_192,2024-03-25,2025-03-25,Almacen_1,BARCODE00192,Cliente_192,118,63472.9,71208.2,7735.3
193,Producto_193,Categoria_4,397,289.5,Proveedor_193,2024-03-26,2025-03-26,Almacen_2,BARCODE00193,Cliente_193,209,36981.36,42728.41,5747.05
194,Producto_194,Categoria_5,231,291.0,Proveedor_194,2024-03-27,2025-03-27,Almacen_3,BARCODE00194,Cliente_194,137,65667.97,91886.94,26218.97
195,Producto_195,Categoria_6,494,292.5,Proveedor_195,2024-03-28,2025-03-28,Almacen_1,BARCODE00195,Cliente_195,299,34518.85,39610.58,5091.73
196,Producto_196,Categoria_7,416,294.0,Proveedor_196,2024-03-1,2025-03-1,Almacen_2,BARCODE00196,Cliente_196,261,126865.6,163402.44,36536.84
197,Producto_197,Categoria_8,240,295.5,Proveedor_197,2024-03-2,2025-03-2,Almacen_3,BARCODE00197,Cliente_197,143,30258.03,41606.18,11348.15
198,Producto_198,Categoria_9,246,297.0,Proveedor_198,2024-03-3,2025-03-3,Almacen_1,BARCODE00198,Cliente_198,140,144313.18,186788.36,42475.18
199,Producto_199,Categoria_10,152,298.5,Proveedor_199,2024-03-4,2025-03-4,Almacen_2,BARCODE00199,Cliente_199,60,65306.57,77182.04,11875.47
200,Producto_200,Categoria_1,180,300.0,Proveedor_200,2024-03-5,2025-03-5,Almacen_3,BARCODE00200,Cliente_200,82,127705.57,157958.46,30252.89
201,Producto_201,Categoria_2,38,301.5,Proveedor_201,2024-03-6,2025-03-6,Almacen_1,BARCODE00201,Cliente_201,18,96170.9,150426.56,54255.66
202,Producto_202,Categoria_3,45,303.0,Proveedor_202,2024-03-7,2025-03-7,Almacen_2,BARCODE00202,Cliente_202,14,111625.79,160516.9,48891.11
203,Producto_203,Categoria_4,22,304.5,Proveedor_203,2024-03-8,2025-03-8,Almacen_3,BARCODE00203,Cliente_203,11,116319.96,156802.09,40482.13
204,Producto_204,Categoria_5,169,306.0,Proveedor_204,2024-03-9,2025-03-9,Almacen_1,BARCODE00204,Cliente_204,80,78202.51,86519.93,8317.42
205,Producto_205,Categoria_6,336,307.5,Proveedor_205,2024-03-10,2025-03-10,Almacen_2,BARCODE00205,Cliente_205,208,83778.58,133728.01,49949.43
206,Producto_206,Categoria_7,196,309.0,Proveedor_206,2024-03-11,2025-03-11,Almacen_3,BARCODE00206,Cliente_206,135,79529.4,114182.54,34653.14
207,Producto_207,Categoria_8,252,310.5,Proveedor_207,2024-03-12,2025-03-12,Almacen_1,BARCODE00207,Cliente_207,131,90268.46,113599.36,23330.9
208,Producto_208,Categoria_9,95,312.0,Proveedor_208,2024-03-13,2025-03-13,Almacen_2,BARCODE00208,Cliente_208,97,9262.19,14260.39,4998.2
209,Producto_209,Categoria_10,293,313.5,Proveedor_209,2024-03-14,2025-03-14,Almacen_3,BARCODE00209,Cliente_209,92,62349.7,76641.24,14291.54
210,Producto_210,Categoria_1,75,315.0,Proveedor_210,2024-03-15,2025-03-15,Almacen_1,BARCODE00210,Cliente_210,50,92897.36,127455.95,34558.59
211,Producto_211,Categoria_2,179,316.5,Proveedor_211,2024-03-16,2025-03-16,Almacen_2,BARCODE00211,Cliente_211,119,91669.92,129991.19,38321.27
212,Producto_212,Categoria_3,54,318.0,Proveedor_212,2024-03-17,2025-03-17,Almacen_3,BARCODE00212,Cliente_212,21,119978.63,145237.93,25259.3
213,Producto_213,Categoria_4,71,319.5,Proveedor_213,2024-03-18,2025-03-18,Almacen_1,BARCODE00213,Cliente_213,41,99976.35,158882.28,58905.93
214,Producto_214,Categoria_5,450,321.0,Proveedor_214,2024-03-19,2025-03-19,Almacen_2,BARCODE00214,Cliente_214,148,148859.33,219432.94,70573.61
215,Producto_215,Categoria_6,143,322.5,Proveedor_215,2024-03-20,2025-03-20,Almacen_3,BARCODE00215,Cliente_215,52,46158.91,63648.83,17489.92
216,Producto_216,Categoria_7,293,324.0,Proveedor_216,2024-03-21,2025-03-21,Almacen_1,BARCODE00216,Cliente_216,113,57076.9,67938.48,10861.58
217,Producto_217,Categoria_8,37,325.5,Proveedor_217,2024-03-22,2025-03-22,Almacen_2,BARCODE00217,Cliente_217,54,60657.84,68357.09,7699.25
218,Producto_218,Categoria_9,117,327.0,Proveedor_218,2024-03-23,2025-03-23,Almacen_3,BARCODE00218,Cliente_218,81,72542.86,91406.17,18863.31
219,Producto_219,Categoria_10,53,328.5,Proveedor_219,2024-03-24,2025-03-24,Almacen_1,BARCODE00219,Cliente_219,30,126219.72,186375.24,60155.52
220,Producto_220,Categoria_1,349,330.0,Proveedor_220,2024-03-25,2025-03-25,Almacen_2,BARCODE00220,Cliente_220,360,39189.85,48386.36,9196.51
221,Producto_221,Categoria_2,295,331.5,Proveedor_221,2024-03-26,2025-03-26,Almacen_3,BARCODE00221,Cliente_221,175,117520.03,160976.36,43456.33
222,Producto_222,Categoria_3,455,333.0,Proveedor_222,2024-03-27,2025-03-27,Almacen_1,BARCODE00222,Cliente_222,303,63769.98,93357.57,29587.59
223,Producto_223,Categoria_4,340,334.5,Proveedor_223,2024-03-28,2025-03-28,Almacen_2,BARCODE00223,Cliente_223,232,92269.03,106475.86,14206.83
224,Producto_224,Categoria_5,137,336.0,Proveedor_224,2024-03-1,2025-03-1,Almacen_3,BARCODE00224,Cliente_224,44,96718.38,139530.67,42812.29
225,Producto_225,Categoria_6,357,337.5,Proveedor_225,2024-03-2,2025-03-2,Almacen_1,BARCODE00225,Cliente_225,163,59063.05,67682.44,8619.39
226,Producto_226,Categoria_7,482,339.0,Proveedor_226,2024-03-3,2025-03-3,Almacen_2,BARCODE00226,Cliente_226,165,79329.2,125543.61,46214.41
227,Producto_227,Categoria_8,240,340.5,Proveedor_227,2024-03-4,2025-03-4,Almacen_3,BARCODE00227,Cliente_227,249,64889.52,87224.3,22334.78
228,Producto_228,Categoria_9,199,342.0,Proveedor_228,2024-03-5,2025-03-5,Almacen_1,BARCODE00228,Cliente_228,73,15024.25,17658.57,2634.32
229,Producto_229,Categoria_10,234,343.5,Proveedor_229,2024-03-6,2025-03-6,Almacen_2,BARCODE00229,Cliente_229,130,68388.98,86935.51,18546.53
230,Producto_230,Categoria_1,394,345.0,Proveedor_230,2024-03-7,2025-03-7,Almacen_3,BARCODE00230,Cliente_230,179,19122.04,24986.93,5864.89
231,Producto_231,Categoria_2,386,346.5,Proveedor_231,2024-03-8,2025-03-8,Almacen_1,BARCODE00231,Cliente_231,151,63728.02,94259.64,30531.62
232,Producto_232,Categoria_3,292,348.0,Proveedor_232,2024-03-9,2025-03-9,Almacen_2,BARCODE00232,Cliente_232,306,90973.17,133886.3,42913.13
233,Producto_233,Categoria_4,455,349.5,Proveedor_233,2024-03-10,2025-03-10,Almacen_3,BARCODE00233,Cliente_233,202,89015.16,125152.67,36137.51
234,Producto_234,Categoria_5,130,351.0,Proveedor_234,2024-03-11,2025-03-11,Almacen_1,BARCODE00234,Cliente_234,52,101080.09,116541.84,15461.75
235,Producto_235,Categoria_6,125,352.5,Proveedor_235,2024-03-12,2025-03-12,Almacen_2,BARCODE00235,Cliente_235,60,18812.92,22119.94,3307.02
236,Producto_236,Categoria_7,470,354.0,Proveedor_236,2024-03-13,2025-03-13,Almacen_3,BARCODE00236,Cliente_236,147,99557.87,114180.78,14622.91
237,Producto_237,Categoria_8,242,355.5,Proveedor_237,2024-03-14,2025-03-14,Almacen_1,BARCODE00237,Cliente_237,99,50261.47,69792.39,19530.92
238,Producto_238,Categoria_9,268,357.0,Proveedor_238,2024-03-15,2025-03-15,Almacen_2,BARCODE00238,Cliente_238,286,62861.66,96717.02,33855.36
239,Producto_239,Categoria_10,368,358.5,Proveedor_239,2024-03-16,2025-03-16,Almacen_3,BARCODE00239,Cliente_239,199,129408.01,170417.44,41009.43
240,Producto_240,Categoria_1,207,360.0,Proveedor_240,2024-03-17,2025-03-17,Almacen_1,BARCODE00240,Cliente_240,84,6309.41,7447.78,1138.37
241,Producto_241,Categoria_2,465,361.5,Proveedor_241,2024-03-18,2025-03-18,Almacen_2,BARCODE00241,Cliente_241,164,90319.83,124552.96,34233.13
242,Producto_242,Categoria_3,420,363.0,Proveedor_242,2024-03-19,2025-03-19,Almacen_3,BARCODE00242,Cliente_242,428,91813.53,138259.8,46446.27
243,Producto_243,Categoria_4,146,364.5,Proveedor_243,2024-03-20,2025-03-20,Almacen_1,BARCODE00243,Cliente_243,98,62515.67,91951.55,29435.88
244,Producto_244,Categoria_5,327,366.0,Proveedor_244,2024-03-21,2025-03-21,Almacen_2,BARCODE00244,Cliente_244,152,39369.04,60656.88,21287.84
245,Producto_245,Categoria_6,174,367.5,Proveedor_245,2024-03-22,2025-03-22,Almacen_3,BARCODE00245,Cliente_245,92,39027.74,48353.46,9325.72
246,Producto_246,Categoria_7,234,369.0,Proveedor_246,2024-03-23,2025-03-23,Almacen_1,BARCODE00246,Cliente_246,156,133137.9,159363.0,26225.1
247,Producto_247,Categoria_8,316,370.5,Proveedor_247,2024-03-24,2025-03-24,Almacen_2,BARCODE00247,Cliente_247,105,69093.53,106397.7,37304.17
248,Producto_248,Categoria_9,243,372.0,Proveedor_248,2024-03-25,2025-03-25,Almacen_3,BARCODE00248,Cliente_248,158,52978.96,75695.29,22716.33
249,Producto_249,Categoria_10,181,373.5,Proveedor_249,2024-03-26,2025-03-26,Almacen_1,BARCODE00249,Cliente_249,94,70072.75,87973.85,17901.1
250,Producto_250,Categoria_1,161,375.0,Proveedor_250,2024-03-27,2025-03-27,Almacen_2,BARCODE00250,Cliente_250,176,102061.61,150150.39,48088.78
251,Producto_251,Categoria_2,472,376.5,Proveedor_251,2024-03-28,2025-03-28,Almacen_3,BARCODE00251,Cliente_251,219,26134.7,39399.61,13264.91
252,Producto_252,Categoria_3,324,378.0,Proveedor_252,2024-03-1,2025-03-1,Almacen_1,BARCODE00252,Cliente_252,326,70167.91,98760.57,28592.66
253,Producto_253,Categoria_4,383,379.5,Proveedor_253,2024-03-2,2025-03-2,Almacen_2,BARCODE00253,Cliente_253,188,90243.23,130305.99,40062.76
254,Producto_254,Categoria_5,169,381.0,Proveedor_254,2024-03-3,2025-03-3,Almacen_3,BARCODE00254,Cliente_254,117,142544.59,183544.68,41000.09
255,Producto_255,Categoria_6,105,382.5,Proveedor_255,2024-03-4,2025-03-4,Almacen_1,BARCODE00255,Cliente_255,47,41616.53,56987.51,15370.98
256,Producto_256,Categoria_7,481,384.0,Proveedor_256,2024-03-5,2025-03-5,Almacen_2,BARCODE00256,Cliente_256,288,57091.36,77762.98,20671.62
257,Producto_257,Categoria_8,242,385.5,Proveedor_257,2024-03-6,2025-03-6,Almacen_3,BARCODE00257,Cliente_257,110,60007.0,91452.1,31445.1
258,Producto_258,Categoria_9,189,387.0,Proveedor_258,2024-03-7,2025-03-7,Almacen_1,BARCODE00258,Cliente_258,119,92803.03,141058.93,48255.9
259,Producto_259,Categoria_10,122,388.5,Proveedor_259,2024-03-8,2025-03-8,Almacen_2,BARCODE00259,Cliente_259,64,56726.15,86016.14,29289.99
260,Producto_260,Categoria_1,327,390.0,Proveedor_260,2024-03-9,2025-03-9,Almacen_3,BARCODE00260,Cliente_260,106,82359.23,91049.43,8690.2
261,Producto_261,Categoria_2,451,391.5,Proveedor_261,2024-03-10,2025-03-10,Almacen_1,BARCODE00261,Cliente_261,141,118359.6,174553.51,56193.91
262,Producto_262,Categoria_3,61,393.0,Proveedor_262,2024-03-11,2025-03-11,Almacen_2,BARCODE00262,Cliente_262,72,107280.91,158704.75,51423.84
263,Producto_263,Categoria_4,277,394.5,Proveedor_263,2024-03-12,2025-03-12,Almacen_3,BARCODE00263,Cliente_263,84,69723.45,100345.25,30621.8
264,Producto_264,Categoria_5,304,396.0,Proveedor_264,2024-03-13,2025-03-13,Almacen_1,BARCODE00264,Cliente_264,100,130311.35,192617.42,62306.07
265,Producto_265,Categoria_6,395,397.5,Proveedor_265,2024-03-14,2025-03-14,Almacen_2,BARCODE00265,Cliente_265,227,85930.34,130698.77,44768.43
266,Producto_266,Categoria_7,396,399.0,Proveedor_266,2024-03-15,2025-03-15,Almacen_3,BARCODE00266,Cliente_266,203,83286.35,111200.56,27914.21
267,Producto_267,Categoria_8,122,400.5,Proveedor_267,2024-03-16,2025-03-16,Almacen_1,BARCODE00267,Cliente_267,73,9957.23,13452.47,3495.24
268,Producto_268,Categoria_9,110,402.0,Proveedor_268,2024-03-17,2025-03-17,Almacen_2,BARCODE00268,Cliente_268,111,148070.48,172110.76,24040.28
269,Producto_269,Categoria_10,122,403.5,Proveedor_269,2024-03-18,2025-03-18,Almacen_3,BARCODE00269,Cliente_269,65,22830.77,29513.06,6682.29
270,Producto_270,Categoria_1,449,405.0,Proveedor_270,2024-03-19,2025-03-19,Almacen_1,BARCODE00270,Cliente_270,265,38513.98,54754.65,16240.67
271,Producto_271,Categoria_2,90,406.5,Proveedor_271,2024-03-20,2025-03-20,Almacen_2,BARCODE00271,Cliente_271,99,12496.04,18621.6,6125.56
272,Producto_272,Categoria_3,196,408.0,Proveedor_272,2024-03-21,2025-03-21,Almacen_3,BARCODE00272,Cliente_272,88,97800.43,118202.04,20401.61
273,Producto_273,Categoria_4,122,409.5,Proveedor_273,2024-03-22,2025-03-22,Almacen_1,BARCODE00273,Cliente_273,48,37581.67,43929.64,6347.97
274,Producto_274,Categoria_5,11,411.0,Proveedor_274,2024-03-23,2025-03-23,Almacen_2,BARCODE00274,Cliente_274,4,31101.51,44522.46,13420.95
275,Producto_275,Categoria_6,139,412.5,Proveedor_275,2024-03-24,2025-03-24,Almacen_3,BARCODE00275,Cliente_275,55,17840.56,19641.39,1800.83
276,Producto_276,Categoria_7,229,414.0,Proveedor_276,2024-03-25,2025-03-25,Almacen_1,BARCODE00276,Cliente_276,93,19979.8,23759.7,3779.9
277,Producto_277,Categoria_8,63,415.5,Proveedor_277,2024-03-26,2025-03-26,Almacen_2,BARCODE00277,Cliente_277,24,89777.25,100059.95,10282.7
278,Producto_278,Categoria_9,352,417.0,Proveedor_278,2024-03-27,2025-03-27,Almacen_3,BARCODE00278,Cliente_278,229,104790.14,124013.11,19222.97
279,Producto_279,Categoria_10,494,418.5,Proveedor_279,2024-03-28,2025-03-28,Almacen_1,BARCODE00279,Cliente_279,297,62619.95,74559.05,11939.1
280,Producto_280,Categoria_1,233,420.0,Proveedor_280,2024-03-1,2025-03-1,Almacen_2,BARCODE00280,Cliente_280,74,74585.08,96500.92,21915.84
281,Producto_281,Categoria_2,234,421.5,Proveedor_281,2024-03-2,2025-03-2,Almacen_3,BARCODE00281,Cliente_281,95,104465.32,135926.47,31461.15
282,Producto_282,Categoria_3,394,423.0,Proveedor_282,2024-03-3,2025-03-3,Almacen_1,BARCODE00282,Cliente_282,121,7520.07,11559.33,4039.26
283,Producto_283,Categoria_4,412,424.5,Proveedor_283,2024-03-4,2025-03-4,Almacen_2,BARCODE00283,Cliente_283,205,51853.95,70264.95,18411.0
284,Producto_284,Categoria_5,135,426.0,Proveedor_284,2024-03-5,2025-03-5,Almacen_3,BARCODE00284,Cliente_284,141,146099.17,213553.5,67454.33
285,Producto_285,Categoria_6,139,427.5,Proveedor_285,2024-03-6,2025-03-6,Almacen_1,BARCODE00285,Cliente_285,87,89116.27,102668.06,13551.79
286,Producto_286,Categoria_7,62,429.0,Proveedor_286,2024-03-7,2025-03-7,Almacen_2,BARCODE00286,Cliente_286,26,41862.56,50767.54,8904.98
287,Producto_287,Categoria_8,181,430.5,Proveedor_287,2024-03-8,2025-03-8,Almacen_3,BARCODE00287,Cliente_287,113,80650.86,117062.44,36411.58
288,Producto_288,Categoria_9,227,432.0,Proveedor_288,2024-03-9,2025-03-9,Almacen_1,BARCODE00288,Cliente_288,155,54684.76,61597.02,6912.26
289,Producto_289,Categoria_10,169,433.5,Proveedor_289,2024-03-10,2025-03-10,Almacen_2,BARCODE00289,Cliente_289,56,82175.52,110386.28,28210.76
290,Producto_290,Categoria_1,207,435.0,Proveedor_290,2024-03-11,2025-03-11,Almacen_3,BARCODE00290,Cliente_290,212,23232.52,32518.2,9285.68
291,Producto_291,Categoria_2,425,436.5,Proveedor_291,2024-03-12,2025-03-12,Almacen_1,BARCODE00291,Cliente_291,227,24243.62,33967.08,9723.46
292,Producto_292,Categoria_3,256,438.0,Proveedor_292,2024-03-13,2025-03-13,Almacen_2,BARCODE00292,Cliente_292,125,25813.64,28690.99,2877.35
293,Producto_293,Categoria_4,333,439.5,Proveedor_293,2024-03-14,2025-03-14,Almacen_3,BARCODE00293,Cliente_293,155,141273.87,178153.98,36880.11
294,Producto_294,Categoria_5,448,441.0,Proveedor_294,2024-03-15,2025-03-15,Almacen_1,BARCODE00294,Cliente_294,275,111270.34,157808.64,46538.3
295,Producto_295,Categoria_6,212,442.5,Proveedor_295,2024-03-16,2025-03-16,Almacen_2,BARCODE00295,Cliente_295,216,28545.37,33526.53,4981.16
296,Producto_296,Categoria_7,193,444.0,Proveedor_296,2024-03-17,2025-03-17,Almacen_3,BARCODE00296,Cliente_296,120,32310.62,46776.34,14465.72
297,Producto_297,Categoria_8,132,445.5,Proveedor_297,2024-03-18,2025-03-18,Almacen_1,BARCODE00297,Cliente_297,87,110970.27,163455.06,52484.79
298,Producto_298,Categoria_9,410,447.0,Proveedor_298,2024-03-19,2025-03-19,Almacen_2,BARCODE00298,Cliente_298,224,27643.76,43980.8,16337.04
299,Producto_299,Categoria_10,264,448.5,Proveedor_299,2024-03-20,2025-03-20,Almacen_3,BARCODE00299,Cliente_299,182,39011.39,47005.64,7994.25
300,Producto_300,Categoria_1,303,450.0,Proveedor_300,2024-03-21,2025-03-21,Almacen_1,BARCODE00300,Cliente_300,164,144685.29,218845.95,74160.66
301,Producto_301,Categoria_2,289,451.5,Proveedor_301,2024-03-22,2025-03-22,Almacen_2,BARCODE00301,Cliente_301,160,42019.45,57152.68,15133.23
302,Producto_302,Categoria_3,334,453.0,Proveedor_302,2024-03-23,2025-03-23,Almacen_3,BARCODE00302,Cliente_302,174,100936.69,129878.4,28941.71
303,Producto_303,Categoria_4,381,454.5,Proveedor_303,2024-03-24,2025-03-24,Almacen_1,BARCODE00303,Cliente_303,128,146901.54,170580.36,23678.82
304,Producto_304,Categoria_5,107,456.0,Proveedor_304,2024-03-25,2025-03-25,Almacen_2,BARCODE00304,Cliente_304,63,59273.03,86998.16,27725.13
305,Producto_305,Categoria_6,207,457.5,Proveedor_305,2024-03-26,2025-03-26,Almacen_3,BARCODE00305,Cliente_305,107,7539.82,9182.96,1643.14
306,Producto_306,Categoria_7,479,459.0,Proveedor_306,2024-03-27,2025-03-27,Almacen_1,BARCODE00306,Cliente_306,230,40401.36,51944.47,11543.11
307,Producto_307,Categoria_8,404,460.5,Proveedor_307,2024-03-28,2025-03-28,Almacen_2,BARCODE00307,Cliente_307,268,125477.19,141948.72,16471.53
308,Producto_308,Categoria_9,249,462.0,Proveedor_308,2024-03-1,2025-03-1,Almacen_3,BARCODE00308,Cliente_308,262,130368.28,195641.52,65273.24
309,Producto_309,Categoria_10,153,463.5,Proveedor_309,2024-03-2,2025-03-2,Almacen_1,BARCODE00309,Cliente_309,77,116435.31,172707.83,56272.52
310,Producto_310,Categoria_1,106,465.0,Proveedor_310,2024-03-3,2025-03-3,Almacen_2,BARCODE00310,Cliente_310,61,21400.92,31391.04,9990.12
311,Producto_311,Categoria_2,210,466.5,Proveedor_311,2024-03-4,2025-03-4,Almacen_3,BARCODE00311,Cliente_311,129,120349.0,150402.76,30053.76
312,Producto_312,Categoria_3,133,468.0,Proveedor_312,2024-03-5,2025-03-5,Almacen_1,BARCODE00312,Cliente_312,64,138208.28,164017.3,25809.02
313,Producto_313,Categoria_4,196,469.5,Proveedor_313,2024-03-6,2025-03-6,Almacen_2,BARCODE00313,Cliente_313,124,92088.38,130652.84,38564.46
314,Producto_314,Categoria_5,335,471.0,Proveedor_314,2024-03-7,2025-03-7,Almacen_3,BARCODE00314,Cliente_314,203,141426.93,190655.27,49228.34
315,Producto_315,Categoria_6,473,472.5,Proveedor_315,2024-03-8,2025-03-8,Almacen_1,BARCODE00315,Cliente_315,154,124891.64,148511.93,23620.29
316,Producto_316,Categoria_7,358,474.0,Proveedor_316,2024-03-9,2025-03-9,Almacen_2,BARCODE00316,Cliente_316,113,101710.87,146764.27,45053.4
317,Producto_317,Categoria_8,268,475.5,Proveedor_317,2024-03-10,2025-03-10,Almacen_3,BARCODE00317,Cliente_317,146,88691.86,141513.47,52821.61
318,Producto_318,Categoria_9,157,477.0,Proveedor_318,2024-03-11,2025-03-11,Almacen_1,BARCODE00318,Cliente_318,68,55543.18,81848.97,26305.79
319,Producto_319,Categoria_10,261,478.5,Proveedor_319,2024-03-12,2025-03-12,Almacen_2,BARCODE00319,Cliente_319,100,28096.68,41301.93,13205.25
320,Producto_320,Categoria_1,452,480.0,Proveedor_320,2024-03-13,2025-03-13,Almacen_3,BARCODE00320,Cliente_320,240,92718.32,146045.85,53327.53
321,Producto_321,Categoria_2,429,481.5,Proveedor_321,2024-03-14,2025-03-14,Almacen_1,BARCODE00321,Cliente_321,187,51126.18,61426.48,10300.3
322,Producto_322,Categoria_3,412,483.0,Proveedor_322,2024-03-15,2025-03-15,Almacen_2,BARCODE00322,Cliente_322,212,130633.61,180636.89,50003.28
323,Producto_323,Categoria_4,355,484.5,Proveedor_323,2024-03-16,2025-03-16,Almacen_3,BARCODE00323,Cliente_323,171,149033.86,236937.51,87903.65
324,Producto_324,Categoria_5,460,486.0,Proveedor_324,2024-03-17,2025-03-17,Almacen_1,BARCODE00324,Cliente_324,245,114102.03,134942.43,20840.4
325,Producto_325,Categoria_6,156,487.5,Proveedor_325,2024-03-18,2025-03-18,Almacen_2,BARCODE00325,Cliente_325,71,18119.85,26276.07,8156.22
326,Producto_326,Categoria_7,157,489.0,Proveedor_326,2024-03-19,2025-03-19,Almacen_3,BARCODE00326,Cliente_326,163,46859.41,65270.71,18411.3
327,Producto_327,Categoria_8,361,490.5,Proveedor_327,2024-03-20,2025-03-20,Almacen_1,BARCODE00327,Cliente_327,134,20820.9,29008.5,8187.6
328,Producto_328,Categoria_9,208,492.0,Proveedor_328,2024-03-21,2025-03-21,Almacen_2,BARCODE00328,Cliente_328,120,99324.19,143904.39,44580.2
329,Producto_329,Categoria_10,317,493.5,Proveedor_329,2024-03-22,2025-03-22,Almacen_3,BARCODE00329,Cliente_329,147,115952.68,181443.73,65491.05
330,Producto_330,Categoria_1,498,495.0,Proveedor_330,2024-03-23,2025-03-23,Almacen_1,BARCODE00330,Cliente_330,323,139222.85,207621.78,68398.93
331,Producto_331,Categoria_2,426,496.5,Proveedor_331,2024-03-24,2025-03-24,Almacen_2,BARCODE00331,Cliente_331,432,68534.99,77312.13,8777.14
332,Producto_332,Categoria_3,433,498.0,Proveedor_332,2024-03-25,2025-03-25,Almacen_3,BARCODE00332,Cliente_332,298,135699.47,207126.79,71427.32
333,Producto_333,Categoria_4,137,499.5,Proveedor_333,2024-03-26,2025-03-26,Almacen_1,BARCODE00333,Cliente_333,74,132294.22,160442.55,28148.33
334,Producto_334,Categoria_5,48,1.0,Proveedor_334,2024-03-27,2025-03-27,Almacen_2,BARCODE00334,Cliente_334,18,50993.38,65702.78,14709.4
335,Producto_335,Categoria_6,347,2.5,Proveedor_335,2024-03-28,2025-03-28,Almacen_3,BARCODE00335,Cliente_335,218,130990.59,174330.98,43340.39
336,Producto_336,Categoria_7,369,4.0,Proveedor_336,2024-03-1,2025-03-1,Almacen_1,BARCODE00336,Cliente_336,377,59472.48,79720.06,20247.58
337,Producto_337,Categoria_8,138,5.5,Proveedor_337,2024-03-2,2025-03-2,Almacen_2,BARCODE00337,Cliente_337,60,48046.04,63304.99,15258.95
338,Producto_338,Categoria_9,276,7.0,Proveedor_338,2024-03-3,2025-03-3,Almacen_3,BARCODE00338,Cliente_338,86,99115.83,155480.69,56364.86
339,Producto_339,Categoria_10,485,8.5,Proveedor_339,2024-03-4,2025-03-4,Almacen_1,BARCODE00339,Cliente_339,251,52615.28,76450.5,23835.22
340,Producto_340,Categoria_1,450,10.0,Proveedor_340,2024-03-5,2025-03-5,Almacen_2,BARCODE00340,Cliente_340,231,96380.27,136434.5,40054.23
341,Producto_341,Categoria_2,482,11.5,Proveedor_341,2024-03-6,2025-03-6,Almacen_3,BARCODE00341,Cliente_341,213,93425.61,105096.43,11670.82
342,Producto_342,Categoria_3,443,13.0,Proveedor_342,2024-03-7,2025-03-7,Almacen_1,BARCODE00342,Cliente_342,291,86698.64,134552.53,47853.89
343,Producto_343,Categoria_4,160,14.5,Proveedor_343,2024-03-8,2025-03-8,Almacen_2,BARCODE00343,Cliente_343,56,60160.86,93531.79,33370.93
344,Producto_344,Categoria_5,424,16.0,Proveedor_344,2024-03-9,2025-03-9,Almacen_3,BARCODE00344,Cliente_344,183,84532.46,125962.37,41429.91
345,Producto_345,Categoria_6,487,17.5,Proveedor_345,2024-03-10,2025-03-10,Almacen_1,BARCODE00345,Cliente_345,208,91490.39,100960.98,9470.59
346,Producto_346,Categoria_7,307,19.0,Proveedor_346,2024-03-11,2025-03-11,Almacen_2,BARCODE00346,Cliente_346,103,84124.6,94946.4,10821.8
347,Producto_347,Categoria_8,108,20.5,Proveedor_347,2024-03-12,2025-03-12,Almacen_3,BARCODE00347,Cliente_347,53,69440.82,84204.76,14763.94
348,Producto_348,Categoria_9,272,22.0,Proveedor_348,2024-03-13,2025-03-13,Almacen_1,BARCODE00348,Cliente_348,156,7126.72,8307.44,1180.72
349,Producto_349,Categoria_10,261,23.5,Proveedor_349,2024-03-14,2025-03-14,Almacen_2,BARCODE00349,Cliente_349,269,90123.95,117108.68,26984.73
350,Producto_350,Categoria_1,153,25.0,Proveedor_350,2024-03-15,2025-03-15,Almacen_3,BARCODE00350,Cliente_350,156,29424.44,45940.72,16516.28
351,Producto_351,Categoria_2,355,26.5,Proveedor_351,2024-03-16,2025-03-16,Almacen_1,BARCODE00351,Cliente_351,160,98173.52,131162.79,32989.27
352,Producto_352,Categoria_3,121,28.0,Proveedor_352,2024-03-17,2025-03-17,Almacen_2,BARCODE00352,Cliente_352,36,115104.93,127386.78,12281.85
353,Producto_353,Categoria_4,69,29.5,Proveedor_353,2024-03-18,2025-03-18,Almacen_3,BARCODE00353,Cliente_353,44,77564.57,96286.55,18721.98
354,Producto_354,Categoria_5,378,31.0,Proveedor_354,2024-03-19,2025-03-19,Almacen_1,BARCODE00354,Cliente_354,126,83642.73,93872.02,10229.29
355,Producto_355,Categoria_6,11,32.5,Proveedor_355,2024-03-20,2025-03-20,Almacen_2,BARCODE00355,Cliente_355,5,142964.39,159854.75,16890.36
356,Producto_356,Categoria_7,394,34.0,Proveedor_356,2024-03-21,2025-03-21,Almacen_3,BARCODE00356,Cliente_356,273,127839.27,158247.11,30407.84
357,Producto_357,Categoria_8,313,35.5,Proveedor_357,2024-03-22,2025-03-22,Almacen_1,BARCODE00357,Cliente_357,329,137564.29,170277.93,32713.64
358,Producto_358,Categoria_9,263,37.0,Proveedor_358,2024-03-23,2025-03-23,Almacen_2,BARCODE00358,Cliente_358,176,122996.11,183702.48,60706.37
359,Producto_359,Categoria_10,149,38.5,Proveedor_359,2024-03-24,2025-03-24,Almacen_3,BARCODE00359,Cliente_359,58,20793.16,33007.42,12214.26
360,Producto_360,Categoria_1,462,40.0,Proveedor_360,2024-03-25,2025-03-25,Almacen_1,BARCODE00360,Cliente_360,279,26603.82,34201.97,7598.15
361,Producto_361,Categoria_2,46,41.5,Proveedor_361,2024-03-26,2025-03-26,Almacen_2,BARCODE00361,Cliente_361,23,81360.45,106943.71,25583.26
362,Producto_362,Categoria_3,169,43.0,Proveedor_362,2024-03-27,2025-03-27,Almacen_3,BARCODE00362,Cliente_362,99,40680.1,61931.17,21251.07
363,Producto_363,Categoria_4,18,44.5,Proveedor_363,2024-03-28,2025-03-28,Almacen_1,BARCODE00363,Cliente_363,5,74120.84,91470.27,17349.43
364,Producto_364,Categoria_5,242,46.0,Proveedor_364,2024-03-1,2025-03-1,Almacen_2,BARCODE00364,Cliente_364,86,62182.97,73263.41,11080.44
365,Producto_365,Categoria_6,108,47.5,Proveedor_365,2024-03-2,2025-03-2,Almacen_3,BARCODE00365,Cliente_365,38,84665.06,129245.01,44579.95
366,Producto_366,Categoria_7,156,49.0,Proveedor_366,2024-03-3,2025-03-3,Almacen_1,BARCODE00366,Cliente_366,89,113296.98,127260.87,13963.89
367,Producto_367,Categoria_8,313,50.5,Proveedor_367,2024-03-4,2025-03-4,Almacen_2,BARCODE00367,Cliente_367,199,108746.18,153315.77,44569.59
368,Producto_368,Categoria_9,217,52.0,Proveedor_368,2024-03-5,2025-03-5,Almacen_3,BARCODE00368,Cliente_368,219,80578.95,111279.24,30700.29
369,Producto_369,Categoria_10,140,53.5,Proveedor_369,2024-03-6,2025-03-6,Almacen_1,BARCODE00369,Cliente_369,43,124247.05,158161.55,33914.5
370,Producto_370,Categoria_1,413,55.0,Proveedor_370,2024-03-7,2025-03-7,Almacen_2,BARCODE00370,Cliente_370,267,67475.0,84856.21,17381.21
371,Producto_371,Categoria_2,161,56.5,Proveedor_371,2024-03-8,2025-03-8,Almacen_3,BARCODE00371,Cliente_371,71,135023.57,200635.42,65611.85
372,Producto_372,Categoria_3,63,58.0,Proveedor_372,2024-03-9,2025-03-9,Almacen_1,BARCODE00372,Cliente_372,28,15335.64,17531.89,2196.25
373,Producto_373,Categoria_4,129,59.5,Proveedor_373,2024-03-10,2025-03-10,Almacen_2,BARCODE00373,Cliente_373,142,143425.7,174748.75,31323.05
374,Producto_374,Categoria_5,170,61.0,Proveedor_374,2024-03-11,2025-03-11,Almacen_3,BARCODE00374,Cliente_374,101,99930.5,146520.53,46590.03
375,Producto_375,Categoria_6,417,62.5,Proveedor_375,2024-03-12,2025-03-12,Almacen_1,BARCODE00375,Cliente_375,155,60110.8,82601.87,22491.07
376,Producto_376,Categoria_7,125,64.0,Proveedor_376,2024-03-13,2025-03-13,Almacen_2,BARCODE00376,Cliente_376,65,33587.35,39095.48,5508.13
377,Producto_377,Categoria_8,84,65.5,Proveedor_377,2024-03-14,2025-03-14,Almacen_3,BARCODE00377,Cliente_377,53,74481.57,114781.15,40299.58
378,Producto_378,Categoria_9,122,67.0,Proveedor_378,2024-03-15,2025-03-15,Almacen_1,BARCODE00378,Cliente_378,40,33210.96,43065.45,9854.49
379,Producto_379,Categoria_10,465,68.5,Proveedor_379,2024-03-16,2025-03-16,Almacen_2,BARCODE00379,Cliente_379,239,29118.08,44082.86,14964.78
380,Producto_380,Categoria_1,429,70.0,Proveedor_380,2024-03-17,2025-03-17,Almacen_3,BARCODE00380,Cliente_380,168,94516.0,141193.34,46677.34
381,Producto_381,Categoria_2,431,71.5,Proveedor_381,2024-03-18,2025-03-18,Almacen_1,BARCODE00381,Cliente_381,188,80847.29,114173.57,33326.28
382,Producto_382,Categoria_3,113,73.0,Proveedor_382,2024-03-19,2025-03-19,Almacen_2,BARCODE00382,Cliente_382,55,102163.93,137639.39,35475.46
383,Producto_383,Categoria_4,349,74.5,Proveedor_383,2024-03-20,2025-03-20,Almacen_3,BARCODE00383,Cliente_383,154,139792.85,222239.24,82446.39
384,Producto_384,Categoria_5,263,76.0,Proveedor_384,2024-03-21,2025-03-21,Almacen_1,BARCODE00384,Cliente_384,147,82177.73,96351.95,14174.22
385,Producto_385,Categoria_6,236,77.5,Proveedor_385,2024-03-22,2025-03-22,Almacen_2,BARCODE00385,Cliente_385,116,89235.15,130513.36,41278.21
386,Producto_386,Categoria_7,121,79.0,Proveedor_386,2024-03-23,2025-03-23,Almacen_3,BARCODE00386,Cliente_386,64,17995.82,21515.72,3519.9
387,Producto_387,Categoria_8,482,80.5,Proveedor_387,2024-03-24,2025-03-24,Almacen_1,BARCODE00387,Cliente_387,286,109057.19,138407.92,29350.73
388,Producto_388,Categoria_9,108,82.0,Proveedor_388,2024-03-25,2025-03-25,Almacen_2,BARCODE00388,Cliente_388,116,62986.25,79006.76,16020.51
389,Producto_389,Categoria_10,162,83.5,Proveedor_389,2024-03-26,2025-03-26,Almacen_3,BARCODE00389,Cliente_389,170,146625.16,230717.33,84092.17
390,Producto_390,Categoria_1,358,85.0,Proveedor_390,2024-03-27,2025-03-27,Almacen_1,BARCODE00390,Cliente_390,188,124360.23,196946.57,72586.34
391,Producto_391,Categoria_2,411,86.5,Proveedor_391,2024-03-28,2025-03-28,Almacen_2,BARCODE00391,Cliente_391,185,80759.75,96225.87,15466.12
392,Producto_392,Categoria_3,393,88.0,Proveedor_392,2024-03-1,2025-03-1,Almacen_3,BARCODE00392,Cliente_392,170,22867.28,25405.95,2538.67
393,Producto_393,Categoria_4,375,89.5,Proveedor_393,2024-03-2,2025-03-2,Almacen_1,BARCODE00393,Cliente_393,247,129615.29,189238.84,59623.55
394,Producto_394,Categoria_5,347,91.0,Proveedor_394,2024-03-3,2025-03-3,Almacen_2,BARCODE00394,Cliente_394,188,120968.26,158346.84,37378.58
395,Producto_395,Categoria_6,203,92.5,Proveedor_395,2024-03-4,2025-03-4,Almacen_3,BARCODE00395,Cliente_395,80,31764.84,36352.32,4587.48
396,Producto_396,Categoria_7,319,94.0,Proveedor_396,2024-03-5,2025-03-5,Almacen_1,BARCODE00396,Cliente_396,159,47815.35,68943.86,21128.51
397,Producto_397,Categoria_8,172,95.5,Proveedor_397,2024-03-6,2025-03-6,Almacen_2,BARCODE00397,Cliente_397,74,120044.05,164766.79,44722.74
398,Producto_398,Categoria_9,217,97.0,Proveedor_398,2024-03-7,2025-03-7,Almacen_3,BARCODE00398,Cliente_398,146,31858.12,50662.64,18804.52
399,Producto_399,Categoria_10,454,98.5,Proveedor_399,2024-03-8,2025-03-8,Almacen_1,BARCODE00399,Cliente_399,137,138074.11,167581.2,29507.09
400,Producto_400,Categoria_1,178,100.0,Proveedor_400,2024-03-9,2025-03-9,Almacen_2,BARCODE00400,Cliente_400,69,66556.48,86655.8,20099.32
401,Producto_401,Categoria_2,493,101.5,Proveedor_401,2024-03-10,2025-03-10,Almacen_3,BARCODE00401,Cliente_401,219,17620.65,24162.72,6542.07
402,Producto_402,Categoria_3,170,103.0,Proveedor_402,2024-03-11,2025-03-11,Almacen_1,BARCODE00402,Cliente_402,84,123283.55,184413.7,61130.15
403,Producto_403,Categoria_4,77,104.5,Proveedor_403,2024-03-12,2025-03-12,Almacen_2,BARCODE00403,Cliente_403,49,59158.9,81309.14,22150.24
404,Producto_404,Categoria_5,298,106.0,Proveedor_404,2024-03-13,2025-03-13,Almacen_3,BARCODE00404,Cliente_404,99,81342.38,114404.0,33061.62
405,Producto_405,Categoria_6,407,107.5,Proveedor_405,2024-03-14,2025-03-14,Almacen_1,BARCODE00405,Cliente_405,253,21284.13,25819.21,4535.08
406,Producto_406,Categoria_7,286,109.0,Proveedor_406,2024-03-15,2025-03-15,Almacen_2,BARCODE00406,Cliente_406,92,5374.68,8188.11,2813.43
407,Producto_407,Categoria_8,313,110.5,Proveedor_407,2024-03-16,2025-03-16,Almacen_3,BARCODE00407,Cliente_407,199,97507.85,128156.06,30648.21
408,Producto_408,Categoria_9,413,112.0,Proveedor_408,2024-03-17,2025-03-17,Almacen_1,BARCODE00408,Cliente_408,132,79700.4,93287.71,13587.31
409,Producto_409,Categoria_10,393,113.5,Proveedor_409,2024-03-18,2025-03-18,Almacen_2,BARCODE00409,Cliente_409,120,91063.09,130410.9,39347.81
410,Producto_410,Categoria_1,401,115.0,Proveedor_410,2024-03-19,2025-03-19,Almacen_3,BARCODE00410,Cliente_410,232,120092.86,145077.61,24984.75
411,Producto_411,Categoria_2,144,116.5,Proveedor_411,2024-03-20,2025-03-20,Almacen_1,BARCODE00411,Cliente_411,100,98757.86,113451.18,14693.32
412,Producto_412,Categoria_3,204,118.0,Proveedor_412,2024-03-21,2025-03-21,Almacen_2,BARCODE00412,Cliente_412,134,30342.15,46453.63,16111.48
413,Producto_413,Categoria_4,410,119.5,Proveedor_413,2024-03-22,2025-03-22,Almacen_3,BARCODE00413,Cliente_413,217,57312.02,76229.64,18917.62
414,Producto_414,Categoria_5,137,121.0,Proveedor_414,2024-03-23,2025-03-23,Almacen_1,BARCODE00414,Cliente_414,91,136354.21,201073.63,64719.42
415,Producto_415,Categoria_6,42,122.5,Proveedor_415,2024-03-24,2025-03-24,Almacen_2,BARCODE00415,Cliente_415,12,116641.98,145253.53,28611.55
416,Producto_416,Categoria_7,185,124.0,Proveedor_416,2024-03-25,2025-03-25,Almacen_3,BARCODE00416,Cliente_416,127,85712.37,128010.14,42297.77
417,Producto_417,Categoria_8,469,125.5,Proveedor_417,2024-03-26,2025-03-26,Almacen_1,BARCODE00417,Cliente_417,478,42068.52,48629.86,6561.34
418,Producto_418,Categoria_9,452,127.0,Proveedor_418,2024-03-27,2025-03-27,Almacen_2,BARCODE00418,Cliente_418,266,48798.77,62364.18,13565.41
419,Producto_419,Categoria_10,380,128.5,Proveedor_419,2024-03-28,2025-03-28,Almacen_3,BARCODE00419,Cliente_419,238,111133.92,176595.23,65461.31
420,Producto_420,Categoria_1,479,130.0,Proveedor_420,2024-03-1,2025-03-1,Almacen_1,BARCODE00420,Cliente_420,281,128420.27,192244.48,63824.21
421,Producto_421,Categoria_2,384,131.5,Proveedor_421,2024-03-2,2025-03-2,Almacen_2,BARCODE00421,Cliente_421,197,102356.58,138040.95,35684.37
422,Producto_422,Categoria_3,31,133.0,Proveedor_422,2024-03-3,2025-03-3,Almacen_3,BARCODE00422,Cliente_422,15,122381.85,155411.33,33029.48
423,Producto_423,Categoria_4,247,134.5,Proveedor_423,2024-03-4,2025-03-4,Almacen_1,BARCODE00423,Cliente_423,260,116165.14,178437.54,62272.4
424,Producto_424,Categoria_5,167,136.0,Proveedor_424,2024-03-5,2025-03-5,Almacen_2,BARCODE00424,Cliente_424,63,26707.08,36653.43,9946.35
425,Producto_425,Categoria_6,47,137.5,Proveedor_425,2024-03-6,2025-03-6,Almacen_3,BARCODE00425,Cliente_425,56,66472.0,98326.21,31854.21
426,Producto_426,Categoria_7,239,139.0,Proveedor_426,2024-03-7,2025-03-7,Almacen_1,BARCODE00426,Cliente_426,139,27182.65,40150.24,12967.59
427,Producto_427,Categoria_8,374,140.5,Proveedor_427,2024-03-8,2025-03-8,Almacen_2,BARCODE00427,Cliente_427,142,39109.16,43371.0,4261.84
428,Producto_428,Categoria_9,60,142.0,Proveedor_428,2024-03-9,2025-03-9,Almacen_3,BARCODE00428,Cliente_428,35,131042.65,152419.23,21376.58
429,Producto_429,Categoria_10,447,143.5,Proveedor_429,2024-03-10,2025-03-10,Almacen_1,BARCODE00429,Cliente_429,228,73569.34,105190.52,31621.18
430,Producto_430,Categoria_1,273,145.0,Proveedor_430,2024-03-11,2025-03-11,Almacen_2,BARCODE00430,Cliente_430,159,82626.92,97566.69,14939.77
431,Producto_431,Categoria_2,292,146.5,Proveedor_431,2024-03-12,2025-03-12,Almacen_3,BARCODE00431,Cliente_431,177,30874.66,37906.26,7031.6
432,Producto_432,Categoria_3,36,148.0,Proveedor_432,2024-03-13,2025-03-13,Almacen_1,BARCODE00432,Cliente_432,12,50279.41,79105.55,28826.14
433,Producto_433,Categoria_4,235,149.5,Proveedor_433,2024-03-14,2025-03-14,Almacen_2,BARCODE00433,Cliente_433,118,38385.69,52975.75,14590.06
434,Producto_434,Categoria_5,286,151.0,Proveedor_434,2024-03-15,2025-03-15,Almacen_3,BARCODE00434,Cliente_434,192,34896.99,51485.79,16588.8
435,Producto_435,Categoria_6,295,152.5,Proveedor_435,2024-03-16,2025-03-16,Almacen_1,BARCODE00435,Cliente_435,126,97504.32,134457.52,36953.2
436,Producto_436,Categoria_7,106,154.0,Proveedor_436,2024-03-17,2025-03-17,Almacen_2,BARCODE00436,Cliente_436,56,42248.16,58144.32,15896.16
437,Producto_437,Categoria_8,293,155.5,Proveedor_437,2024-03-18,2025-03-18,Almacen_3,BARCODE00437,Cliente_437,131,96642.25,110856.0,14213.75
438,Producto_438,Categoria_9,376,157.0,Proveedor_438,2024-03-19,2025-03-19,Almacen_1,BARCODE00438,Cliente_438,181,13475.92,17139.1,3663.18
439,Producto_439,Categoria_10,457,158.5,Proveedor_439,2024-03-20,2025-03-20,Almacen_2,BARCODE00439,Cliente_439,459,25557.29,31722.1,6164.81
440,Producto_440,Categoria_1,490,160.0,Proveedor_440,2024-03-21,2025-03-21,Almacen_3,BARCODE00440,Cliente_440,254,44808.34,58043.12,13234.78
441,Producto_441,Categoria_2,462,161.5,Proveedor_441,2024-03-22,2025-03-22,Almacen_1,BARCODE00441,Cliente_441,175,91571.8,137281.89,45710.09
442,Producto_442,Categoria_3,326,163.0,Proveedor_442,2024-03-23,2025-03-23,Almacen_2,BARCODE00442,Cliente_442,187,102996.98,132450.65,29453.67
443,Producto_443,Categoria_4,313,164.5,Proveedor_443,2024-03-24,2025-03-24,Almacen_3,BARCODE00443,Cliente_443,325,69193.96,91740.7,22546.74
444,Producto_444,Categoria_5,156,166.0,Proveedor_444,2024-03-25,2025-03-25,Almacen_1,BARCODE00444,Cliente_444,55,69639.68,90440.4,20800.72
445,Producto_445,Categoria_6,13,167.5,Proveedor_445,2024-03-26,2025-03-26,Almacen_2,BARCODE00445,Cliente_445,3,110054.94,126200.44,16145.5
446,Producto_446,Categoria_7,44,169.0,Proveedor_446,2024-03-27,2025-03-27,Almacen_3,BARCODE00446,Cliente_446,15,7294.06,9632.07,2338.01
447,Producto_447,Categoria_8,201,170.5,Proveedor_447,2024-03-28,2025-03-28,Almacen_1,BARCODE00447,Cliente_447,98,54458.05,65230.1,10772.05
448,Producto_448,Categoria_9,58,172.0,Proveedor_448,2024-03-1,2025-03-1,Almacen_2,BARCODE00448,Cliente_448,31,123712.52,147633.78,23921.26
449,Producto_449,Categoria_10,26,173.5,Proveedor_449,2024-03-2,2025-03-2,Almacen_3,BARCODE00449,Cliente_449,16,92466.81,106061.1,13594.29
450,Producto_450,Categoria_1,181,175.0,Proveedor_450,2024-03-3,2025-03-3,Almacen_1,BARCODE00450,Cliente_450,184,53897.93,68899.64,15001.71
451,Producto_451,Categoria_2,229,176.5,Proveedor_451,2024-03-4,2025-03-4,Almacen_2,BARCODE00451,Cliente_451,146,136301.09,201554.0,65252.91
452,Producto_452,Categoria_3,167,178.0,Proveedor_452,2024-03-5,2025-03-5,Almacen_3,BARCODE00452,Cliente_452,99,117030.3,144909.36,27879.06
453,Producto_453,Categoria_4,486,179.5,Proveedor_453,2024-03-6,2025-03-6,Almacen_1,BARCODE00453,Cliente_453,225,43409.84,54530.34,11120.5
454,Producto_454,Categoria_5,55,181.0,Proveedor_454,2024-03-7,2025-03-7,Almacen_2,BARCODE00454,Cliente_454,37,98567.03,140097.0,41529.97
455,Producto_455,Categoria_6,382,182.5,Proveedor_455,2024-03-8,2025-03-8,Almacen_3,BARCODE00455,Cliente_455,266,91383.86,109470.59,18086.73
456,Producto_456,Categoria_7,15,184.0,Proveedor_456,2024-03-9,2025-03-9,Almacen_1,BARCODE00456,Cliente_456,30,63172.25,97820.9,34648.65
457,Producto_457,Categoria_8,108,185.5,Proveedor_457,2024-03-10,2025-03-10,Almacen_2,BARCODE00457,Cliente_457,126,58208.63,79169.28,20960.65
458,Producto_458,Categoria_9,389,187.0,Proveedor_458,2024-03-11,2025-03-11,Almacen_3,BARCODE00458,Cliente_458,260,54816.27,72565.86,17749.59
459,Producto_459,Categoria_10,242,188.5,Proveedor_459,2024-03-12,2025-03-12,Almacen_1,BARCODE00459,Cliente_459,248,94487.59,130289.89,35802.3
460,Producto_460,Categoria_1,46,190.0,Proveedor_460,2024-03-13,2025-03-13,Almacen_2,BARCODE00460,Cliente_460,14,69149.44,81804.97,12655.53
461,Producto_461,Categoria_2,289,191.5,Proveedor_461,2024-03-14,2025-03-14,Almacen_3,BARCODE00461,Cliente_461,177,125620.15,176714.46,51094.31
462,Producto_462,Categoria_3,358,193.0,Proveedor_462,2024-03-15,2025-03-15,Almacen_1,BARCODE00462,Cliente_462,225,102092.38,130836.53,28744.15
463,Producto_463,Categoria_4,311,194.5,Proveedor_463,2024-03-16,2025-03-16,Almacen_2,BARCODE00463,Cliente_463,186,15140.08,23445.82,8305.74
464,Producto_464,Categoria_5,190,196.0,Proveedor_464,2024-03-17,2025-03-17,Almacen_3,BARCODE00464,Cliente_464,117,97824.39,115865.86,18041.47
465,Producto_465,Categoria_6,104,197.5,Proveedor_465,2024-03-18,2025-03-18,Almacen_1,BARCODE00465,Cliente_465,65,44316.38,59983.35,15666.97
466,Producto_466,Categoria_7,108,199.0,Proveedor_466,2024-03-19,2025-03-19,Almacen_2,BARCODE00466,Cliente_466,40,90957.74,127255.0,36297.26
467,Producto_467,Categoria_8,197,200.5,Proveedor_467,2024-03-20,2025-03-20,Almacen_3,BARCODE00467,Cliente_467,77,103619.13,115710.63,12091.5
468,Producto_468,Categoria_9,490,202.0,Proveedor_468,2024-03-21,2025-03-21,Almacen_1,BARCODE00468,Cliente_468,271,38470.23,49312.93,10842.7
469,Producto_469,Categoria_10,125,203.5,Proveedor_469,2024-03-22,2025-03-22,Almacen_2,BARCODE00469,Cliente_469,82,71244.5,104467.07,33222.57
470,Producto_470,Categoria_1,200,205.0,Proveedor_470,2024-03-23,2025-03-23,Almacen_3,BARCODE00470,Cliente_470,85,32597.11,49227.79,16630.68
471,Producto_471,Categoria_2,262,206.5,Proveedor_471,2024-03-24,2025-03-24,Almacen_1,BARCODE00471,Cliente_471,140,12589.14,15819.27,3230.13
472,Producto_472,Categoria_3,478,208.0,Proveedor_472,2024-03-25,2025-03-25,Almacen_2,BARCODE00472,Cliente_472,273,59879.08,89776.5,29897.42
473,Producto_473,Categoria_4,425,209.5,Proveedor_473,2024-03-26,2025-03-26,Almacen_3,BARCODE00473,Cliente_473,204,57626.92,91274.01,33647.09
474,Producto_474,Categoria_5,480,211.0,Proveedor_474,2024-03-27,2025-03-27,Almacen_1,BARCODE00474,Cliente_474,490,149344.67,228263.91,78919.24
475,Producto_475,Categoria_6,170,212.5,Proveedor_475,2024-03-28,2025-03-28,Almacen_2,BARCODE00475,Cliente_475,112,69721.09,80794.33,11073.24
476,Producto_476,Categoria_7,265,214.0,Proveedor_476,2024-03-1,2025-03-1,Almacen_3,BARCODE00476,Cliente_476,145,53367.58,78443.15,25075.57
477,Producto_477,Categoria_8,332,215.5,Proveedor_477,2024-03-2,2025-03-2,Almacen_1,BARCODE00477,Cliente_477,171,89168.88,112337.93,23169.05
478,Producto_478,Categoria_9,137,217.0,Proveedor_478,2024-03-3,2025-03-3,Almacen_2,BARCODE00478,Cliente_478,65,17871.27,28490.52,10619.25
479,Producto_479,Categoria_10,27,218.5,Proveedor_479,2024-03-4,2025-03-4,Almacen_3,BARCODE00479,Cliente_479,14,144441.53,193938.68,49497.15
480,Producto_480,Categoria_1,290,220.0,Proveedor_480,2024-03-5,2025-03-5,Almacen_1,BARCODE00480,Cliente_480,128,97069.21,112718.41,15649.2
481,Producto_481,Categoria_2,499,221.5,Proveedor_481,2024-03-6,2025-03-6,Almacen_2,BARCODE00481,Cliente_481,227,114451.48,167395.91,52944.43
482,Producto_482,Categoria_3,232,223.0,Proveedor_482,2024-03-7,2025-03-7,Almacen_3,BARCODE00482,Cliente_482,118,29719.3,37491.06,7771.76
483,Producto_483,Categoria_4,63,224.5,Proveedor_483,2024-03-8,2025-03-8,Almacen_1,BARCODE00483,Cliente_483,20,64374.29,102904.82,38530.53
484,Producto_484,Categoria_5,67,226.0,Proveedor_484,2024-03-9,2025-03-9,Almacen_2,BARCODE00484,Cliente_484,26,66289.92,105393.76,39103.84
485,Producto_485,Categoria_6,332,227.5,Proveedor_485,2024-03-10,2025-03-10,Almacen_3,BARCODE00485,Cliente_485,171,124161.93,177311.56,53149.63
486,Producto_486,Categoria_7,369,229.0,Proveedor_486,2024-03-11,2025-03-11,Almacen_1,BARCODE00486,Cliente_486,174,5179.32,6033.46,854.14
487,Producto_487,Categoria_8,183,230.5,Proveedor_487,2024-03-12,2025-03-12,Almacen_2,BARCODE00487,Cliente_487,188,48623.7,70184.93,21561.23
488,Producto_488,Categoria_9,289,232.0,Proveedor_488,2024-03-13,2025-03-13,Almacen_3,BARCODE00488,Cliente_488,171,147279.27,168857.93,21578.66
489,Producto_489,Categoria_10,123,233.5,Proveedor_489,2024-03-14,2025-03-14,Almacen_1,BARCODE00489,Cliente_489,71,73858.55,82328.8,8470.25
490,Producto_490,Categoria_1,297,235.0,Proveedor_490,2024-03-15,2025-03-15,Almacen_2,BARCODE00490,Cliente_490,108,60466.31,91393.57,30927.26
491,Producto_491,Categoria_2,440,236.5,Proveedor_491,2024-03-16,2025-03-16,Almacen_3,BARCODE00491,Cliente_491,286,22375.21,26959.36,4584.15
492,Producto_492,Categoria_3,351,238.0,Proveedor_492,2024-03-17,2025-03-17,Almacen_1,BARCODE00492,Cliente_492,174,146253.87,188596.35,42342.48
493,Producto_493,Categoria_4,160,239.5,Proveedor_493,2024-03-18,2025-03-18,Almacen_2,BARCODE00493,Cliente_493,95,7903.82,12541.22,4637.4
494,Producto_494,Categoria_5,459,241.0,Proveedor_494,2024-03-19,2025-03-19,Almacen_3,BARCODE00494,Cliente_494,242,111891.13,141924.98,30033.85
495,Producto_495,Categoria_6,136,242.5,Proveedor_495,2024-03-20,2025-03-20,Almacen_1,BARCODE00495,Cliente_495,95,116446.97,145354.34,28907.37
496,Producto_496,Categoria_7,164,244.0,Proveedor_496,2024-03-21,2025-03-21,Almacen_2,BARCODE00496,Cliente_496,98,40330.22,62879.01,22548.79
497,Producto_497,Categoria_8,499,245.5,Proveedor_497,2024-03-22,2025-03-22,Almacen_3,BARCODE00497,Cliente_497,290,102375.97,118282.56,15906.59
498,Producto_498,Categoria_9,395,247.0,Proveedor_498,2024-03-23,2025-03-23,Almacen_1,BARCODE00498,Cliente_498,241,18474.73,27338.74,8864.01
499,Producto_499,Categoria_10,483,248.5,Proveedor_499,2024-03-24,2025-03-24,Almacen_2,BARCODE00499,Cliente_499,172,42271.85,67382.71,25110.86
500,Producto_500,Categoria_1,282,250.0,Proveedor_500,2024-03-25,2025-03-25,Almacen_3,BARCODE00500,Cliente_500,107,119245.79,184908.25,65662.46
